{"train_loss": 1.1406118869781494, "epoch": 4, "trainer/global_step": 11834, "_timestamp": 1683322955.649667, "_runtime": 30855.662782907486, "_step": 240, "rouge1": 0.37534086579772746, "rouge2": 0.10361418679185964, "rougeL": 0.23415983347837455, "_wandb": {"runtime": 30861}}