{"train_loss": 5.873594760894775, "epoch": 0, "trainer/global_step": 99, "_timestamp": 1683116350.891498, "_runtime": 78.67673897743225, "_step": 1, "_wandb": {"runtime": 200}}