{"train_loss": 5.873594760894775, "epoch": 0, "trainer/global_step": 99, "_timestamp": 1683117021.6927145, "_runtime": 99.1482264995575, "_step": 1, "_wandb": {"runtime": 450}}