{"train_loss": 0.927033543586731, "epoch": 0, "trainer/global_step": 2149, "_timestamp": 1682951427.5812197, "_runtime": 882.8931746482849, "_step": 42, "_wandb": {"runtime": 891}}