{"train_loss": 0.37386807799339294, "epoch": 4, "trainer/global_step": 22609, "_timestamp": 1683536209.3312247, "_runtime": 17473.097276687622, "_step": 456, "rouge1": 0.3729799871183893, "rouge2": 0.10561104282449173, "rougeL": 0.23347636465725932, "_wandb": {"runtime": 17473}}