{"train_loss": 0.743851363658905, "epoch": 0, "trainer/global_step": 2366, "_timestamp": 1682919161.9398754, "_runtime": 1614.8060574531555, "_step": 47, "rouge1": 0.3977276164950605, "rouge2": 0.11824924463111576, "rougeL": 0.24015943751776542, "_wandb": {"runtime": 1615}}