{"train_loss": 0.9116624593734741, "epoch": 0, "trainer/global_step": 99, "_timestamp": 1683073456.103698, "_runtime": 46.690514087677, "_step": 1, "_wandb": {"runtime": 47}}