{"train_loss": 0.6435911059379578, "epoch": 4, "trainer/global_step": 11834, "_timestamp": 1683560042.9240365, "_runtime": 9131.130675554276, "_step": 240, "rouge1": 0.3893336303826312, "rouge2": 0.11022131131399429, "rougeL": 0.238219747394963, "_wandb": {"runtime": 9131}}