{"train_loss": 5.873594760894775, "epoch": 0, "trainer/global_step": 99, "_timestamp": 1683115650.730067, "_runtime": 120.36646103858948, "_step": 1, "_wandb": {"runtime": 479}}