{"train_loss": 1.8092166185379028, "epoch": 0, "trainer/global_step": 499, "_timestamp": 1683118418.4213083, "_runtime": 298.75402331352234, "_step": 9, "_wandb": {"runtime": 316}}