{"train_loss": 0.7689536213874817, "epoch": 0, "trainer/global_step": 349, "_timestamp": 1682247434.1019592, "_runtime": 493.8175332546234, "_step": 6, "_wandb": {"runtime": 541}}