{"train_loss": 0.340616911649704, "epoch": 4, "trainer/global_step": 23664, "_timestamp": 1682977025.372569, "_runtime": 16936.054458141327, "_step": 477, "rouge1": 0.40208619817230246, "rouge2": 0.12080947661865023, "rougeL": 0.24236595383839094, "_wandb": {"runtime": 16941}}