{"train_loss": 1.0970079898834229, "epoch": 4, "trainer/global_step": 11834, "_timestamp": 1683282247.6866198, "_runtime": 5203.089150667191, "_step": 240, "rouge1": 0.28684511572678484, "rouge2": 0.05989233096509163, "rougeL": 0.1942801420010726, "_wandb": {"runtime": 5206}}