{"train_loss": 0.518033504486084, "epoch": 0, "trainer/global_step": 299, "_timestamp": 1683071441.30003, "_runtime": 164.29712009429932, "_step": 5, "_wandb": {"runtime": 171}}