{"train_loss": 1.6413214206695557, "epoch": 0, "trainer/global_step": 49, "_timestamp": 1683337723.952613, "_runtime": 13.630215167999268, "_step": 0, "_wandb": {"runtime": 14}}