{"rouge1": 0.11866159292731235, "rouge2": 0.030819620339643247, "rougeL": 0.07693011222877215, "epoch": 0, "trainer/global_step": 7, "_timestamp": 1683204827.6725733, "_runtime": 217.0646722316742, "_step": 0, "_wandb": {"runtime": 221}}