{"rouge1": 0.3070775786626009, "rouge2": 0.06580942356630506, "rougeL": 0.17009665283593686, "epoch": 0, "trainer/global_step": 7, "_timestamp": 1683256821.3133066, "_runtime": 38.36514067649841, "_step": 0}