{"train_loss": 0.9143641591072083, "epoch": 4, "trainer/global_step": 75633, "_timestamp": 1683193853.7236652, "_runtime": 2526.0307133197784, "_step": 6, "rouge1": 0.38400338837908066, "rouge2": 0.1029458169480143, "rougeL": 0.22976213357194103, "_wandb": {"runtime": 2530}}