{"train_loss": 0.5647687911987305, "epoch": 4, "trainer/global_step": 9949, "_timestamp": 1683550074.1231997, "_runtime": 8216.525554656982, "_step": 203, "rouge1": 0.37844134343753955, "rouge2": 0.10931890113530106, "rougeL": 0.23694475444107682, "_wandb": {"runtime": 8216}}