{"train_loss": 0.8405274152755737, "epoch": 4, "trainer/global_step": 11834, "_timestamp": 1682960020.4347212, "_runtime": 8142.510980129242, "_step": 240, "rouge1": 0.39563883896216284, "rouge2": 0.11512290541124323, "rougeL": 0.23294187450753256, "_wandb": {"runtime": 8140}}