{"rouge_1": 0.10084515064954758, "rouge_2": 0.010400253348052502, "rouge_l": 0.09093095362186432, "epoch": 4, "trainer/global_step": 79, "_timestamp": 1682568753.841833, "_runtime": 1288.8406670093536, "_step": 5, "train_loss": 11.051486015319824, "_wandb": {"runtime": 1289}}