{"train_loss": 0.7431334853172302, "epoch": 0, "trainer/global_step": 2366, "_timestamp": 1682922505.295528, "_runtime": 2996.9304628372192, "_step": 47, "rouge1": 0.39797610632679375, "rouge2": 0.118605017466333, "rougeL": 0.23926660868608604, "_wandb": {"runtime": 3001}}