{"rouge1": 0.0048561946902654874, "rouge2": 0.0012755102040816328, "rougeL": 0.004231194690265486, "epoch": 4, "trainer/global_step": 19, "_timestamp": 1684139778.0727806, "_runtime": 331.4559977054596, "_step": 4, "_wandb": {"runtime": 333}}