{"train_loss": 1.0375241041183472, "epoch": 2, "trainer/global_step": 75377, "_timestamp": 1683243788.480875, "_runtime": 29827.212610960007, "_step": 1509, "rouge1": 0.5394376746858404, "rouge2": 0.2896484661060863, "rougeL": 0.33614878966841444, "_wandb": {"runtime": 29844}}