{"train_loss": 0.7480970025062561, "epoch": 4, "trainer/global_step": 11834, "_timestamp": 1683361106.3526273, "_runtime": 23045.450531244278, "_step": 240, "rouge1": 0.548283433435335, "rouge2": 0.2906774820921832, "rougeL": 0.38425631082361256, "_wandb": {"runtime": 23050}}