{"train_loss": 0.7340197563171387, "epoch": 4, "trainer/global_step": 80111, "_timestamp": 1683200307.047211, "_runtime": 4390.418241977692, "_step": 96, "rouge1": 0.3645589826956572, "rouge2": 0.10215526368629263, "rougeL": 0.2299154882088545, "_wandb": {"runtime": 4391}}