{"train_loss": 1.1380157470703125, "epoch": 4, "trainer/global_step": 11834, "_timestamp": 1683275476.4850016, "_runtime": 5315.636030673981, "_step": 240, "rouge1": 0.3740684661646461, "rouge2": 0.10330739975938515, "rougeL": 0.234486379721201, "_wandb": {"runtime": 5315}}