{"train_loss": 0.4579073190689087, "epoch": 0, "trainer/global_step": 349, "_timestamp": 1682917487.6352286, "_runtime": 323.71086168289185, "_step": 6, "_wandb": {"runtime": 328}}