{"rouge1": 0.31301479461129345, "rouge2": 0.06518112667119152, "rougeL": 0.20067576782294214, "epoch": 4, "trainer/global_step": 79, "_timestamp": 1682915405.5743752, "_runtime": 114.93321704864502, "_step": 5, "train_loss": 1.0161863565444946, "_wandb": {"runtime": 117}}