{"rouge_1": 0.21502625942230225, "rouge_2": 0.04236253723502159, "rouge_l": 0.1904584765434265, "epoch": 4, "trainer/global_step": 39, "_timestamp": 1682661499.4941394, "_runtime": 1233.867119550705, "_step": 4, "_wandb": {"runtime": 1248}}