{"train_loss": 1.0626975297927856, "epoch": 0, "trainer/global_step": 499, "_timestamp": 1682122687.4161413, "_runtime": 429.65147638320923, "_step": 9, "_wandb": {"runtime": 447}}