{"train_loss": 0.9374740719795227, "epoch": 2, "trainer/global_step": 75377, "_timestamp": 1683187653.979941, "_runtime": 68087.3979139328, "_step": 1509, "rouge1": 0.4896769824946212, "rouge2": 0.25609079954497677, "rougeL": 0.3252319127419667, "_wandb": {"runtime": 68093}}