{"rouge_1": 0.07972335070371628, "rouge_2": 0.01008080318570137, "rouge_l": 0.07291608303785324, "epoch": 4, "trainer/global_step": 79, "_timestamp": 1682570251.9222374, "_runtime": 1439.3040733337402, "_step": 5, "train_loss": 9.72962474822998, "_wandb": {"runtime": 1440}}