{"rouge_1": 0.27287012338638306, "rouge_2": 0.05485758185386658, "rouge_l": 0.24642693996429443, "epoch": 4, "trainer/global_step": 39, "_timestamp": 1682908349.3461154, "_runtime": 151.380024433136, "_step": 4, "_wandb": {"runtime": 156}}