{"train_loss": 5.873594760894775, "epoch": 0, "trainer/global_step": 99, "_timestamp": 1683117471.3576171, "_runtime": 71.4966652393341, "_step": 1, "_wandb": {"runtime": 151}}