{"train_loss": 0.4839709401130676, "epoch": 1, "trainer/global_step": 4699, "_timestamp": 1682289837.9989693, "_runtime": 23916.32979440689, "_step": 94, "rouge_1": 0.31826266646385193, "rouge_2": 0.08532404899597168, "rouge_l": 0.28722086548805237, "_wandb": {"runtime": 32698}}