{"train_loss": 0.3938820958137512, "epoch": 0, "trainer/global_step": 549, "_timestamp": 1683094480.669636, "_runtime": 297.0459101200104, "_step": 10, "_wandb": {"runtime": 315}}