{"rouge1": 0.13208792596251479, "rouge2": 0.02832635947580741, "rougeL": 0.09034373883082897, "epoch": 0, "trainer/global_step": 15, "_timestamp": 1683116782.1534448, "_runtime": 125.70958471298218, "_step": 0, "_wandb": {"runtime": 130}}