{"rouge1": 0.3175859677729357, "rouge2": 0.05670569973169638, "rougeL": 0.18311769891045762, "epoch": 4, "trainer/global_step": 79, "_timestamp": 1682914022.8487978, "_runtime": 146.15423583984375, "_step": 5, "train_loss": 1.185410499572754, "_wandb": {"runtime": 151}}