{"train_loss": 1.3288347721099854, "epoch": 0, "trainer/global_step": 799, "_timestamp": 1683275926.633747, "_runtime": 221.11472511291504, "_step": 15, "_wandb": {"runtime": 222}}