{"rouge1": 0.0, "rouge2": 0.0, "rougeL": 0.0, "epoch": 0, "trainer/global_step": 3, "_timestamp": 1684139024.8644266, "_runtime": 60.808661699295044, "_step": 0, "_wandb": {"runtime": 85}}