{"train_loss": 5.873594760894775, "epoch": 0, "trainer/global_step": 99, "_timestamp": 1683116143.0890028, "_runtime": 71.08717775344849, "_step": 1, "_wandb": {"runtime": 178}}