{"rouge_1": 0.2754995822906494, "rouge_2": 0.05486616492271423, "rouge_l": 0.2487451136112213, "epoch": 4, "trainer/global_step": 39, "_timestamp": 1682122225.4500878, "_runtime": 102.03559684753418, "_step": 4, "_wandb": {"runtime": 102}}