{"train_loss": 0.841943085193634, "epoch": 4, "trainer/global_step": 11834, "_timestamp": 1682262721.765756, "_runtime": 15015.867556810379, "_step": 240, "rouge_1": 0.32021281123161316, "rouge_2": 0.08583381026983261, "rouge_l": 0.289783239364624, "_wandb": {"runtime": 15016}}