{"train_loss": 0.6421703696250916, "epoch": 4, "trainer/global_step": 11834, "_timestamp": 1681752998.1402194, "_runtime": 14700.621654510498, "_step": 240, "rouge_1": 0.31617844104766846, "rouge_2": 0.07926297187805176, "rouge_l": 0.2897154986858368, "_wandb": {"runtime": 14744}}