{"train_loss": 0.8015996217727661, "epoch": 4, "trainer/global_step": 11834, "_timestamp": 1682136099.089447, "_runtime": 13210.011538982391, "_step": 240, "rouge_1": 0.3230976462364197, "rouge_2": 0.08773038536310196, "rouge_l": 0.2920071482658386, "_wandb": {"runtime": 13210}}