{"rouge1": 0.3112733843299846, "rouge2": 0.060036945566147804, "rougeL": 0.19695503354072302, "epoch": 4, "trainer/global_step": 39, "_timestamp": 1682912701.7408109, "_runtime": 141.79231190681458, "_step": 4, "_wandb": {"runtime": 146}}