{"train_loss": 0.7579110264778137, "epoch": 0, "trainer/global_step": 99, "_timestamp": 1682916076.6334746, "_runtime": 60.10706949234009, "_step": 1, "_wandb": {"runtime": 85}}