{"train_loss": 1.0626975297927856, "epoch": 0, "trainer/global_step": 499, "_timestamp": 1682092588.8278975, "_runtime": 526.8955945968628, "_step": 9, "_wandb": {"runtime": 549}}