{"rouge_1": 0.12183248996734619, "rouge_2": 0.0172119177877903, "rouge_l": 0.11523598432540894, "epoch": 4, "trainer/global_step": 39, "_timestamp": 1681719897.4506693, "_runtime": 424.66911029815674, "_step": 4, "_wandb": {"runtime": 438}}