{"train_loss": 3.9438154697418213, "epoch": 0, "trainer/global_step": 199, "_timestamp": 1683205825.289698, "_runtime": 97.46040177345276, "_step": 3, "_wandb": {"runtime": 101}}