{"train_loss": 0.34880009293556213, "epoch": 4, "trainer/global_step": 23664, "_timestamp": 1682996485.810009, "_runtime": 16669.568370103836, "_step": 477, "rouge1": 0.40282494132916247, "rouge2": 0.12066457659687341, "rougeL": 0.2428672690454147, "_wandb": {"runtime": 16675}}