{"train_loss": 1.0626975297927856, "epoch": 0, "trainer/global_step": 499, "_timestamp": 1682094153.5898614, "_runtime": 589.0583252906799, "_step": 9, "_wandb": {"runtime": 611}}