{"train_loss": 0.34614843130111694, "epoch": 4, "trainer/global_step": 23664, "_timestamp": 1683037736.0725887, "_runtime": 16875.264600753784, "_step": 477, "rouge1": 0.40242562913685664, "rouge2": 0.12038563636645941, "rougeL": 0.24221694768363547, "_wandb": {"runtime": 16881}}