{"train_loss": 1.307428240776062, "epoch": 0, "trainer/global_step": 1099, "_timestamp": 1683276463.3217869, "_runtime": 307.80181884765625, "_step": 21, "_wandb": {"runtime": 318}}