{"train_loss": 0.5287522077560425, "epoch": 0, "trainer/global_step": 1249, "_timestamp": 1682916953.2477467, "_runtime": 678.0560796260834, "_step": 24, "_wandb": {"runtime": 678}}