{"train_loss": 0.3426991403102875, "epoch": 4, "trainer/global_step": 23664, "_timestamp": 1683093723.415379, "_runtime": 19224.68246293068, "_step": 477, "rouge1": 0.4010219040949818, "rouge2": 0.12032806244578685, "rougeL": 0.24188146621404868, "_wandb": {"runtime": 19224}}