{"rouge_1": 0.2249908596277237, "rouge_2": 0.03900226205587387, "rouge_l": 0.20368868112564087, "epoch": 4, "trainer/global_step": 39, "_timestamp": 1682662537.3312745, "_runtime": 425.7884404659271, "_step": 4, "_wandb": {"runtime": 438}}