{"rouge1": 0.34050642850411983, "rouge2": 0.06809454932148294, "rougeL": 0.2063392916085105, "epoch": 4, "trainer/global_step": 79, "_timestamp": 1682914530.7467208, "_runtime": 205.41840481758118, "_step": 5, "train_loss": 1.1695787906646729, "_wandb": {"runtime": 210}}