{"train_loss": 0.8405274152755737, "epoch": 4, "trainer/global_step": 11834, "_timestamp": 1682930801.8106196, "_runtime": 8126.14608168602, "_step": 240, "rouge1": 0.39563883896216284, "rouge2": 0.11512290541124323, "rougeL": 0.23294187450753256, "_wandb": {"runtime": 8126}}