{"train_loss": 0.34010085463523865, "epoch": 4, "trainer/global_step": 23664, "_timestamp": 1683056105.462195, "_runtime": 17911.332942008972, "_step": 477, "rouge1": 0.4027926857187224, "rouge2": 0.12092433925503457, "rougeL": 0.24226538138016643, "_wandb": {"runtime": 17917}}