{"train_loss": 1.0626975297927856, "epoch": 0, "trainer/global_step": 499, "_timestamp": 1682091592.1425188, "_runtime": 427.95358872413635, "_step": 9, "_wandb": {"runtime": 445}}