{"train_loss": 0.5972636342048645, "epoch": 4, "trainer/global_step": 11834, "_timestamp": 1681734802.4237995, "_runtime": 12723.274489402771, "_step": 240, "rouge_1": 0.3075270354747772, "rouge_2": 0.07548436522483826, "rouge_l": 0.28335970640182495, "_wandb": {"runtime": 12729}}