{"rouge_1": 0.09177754819393158, "rouge_2": 0.008480124175548553, "rouge_l": 0.08834648132324219, "epoch": 4, "trainer/global_step": 39, "_timestamp": 1681721512.936096, "_runtime": 734.9932799339294, "_step": 9, "_wandb": {"runtime": 740}}