{"train_loss": 0.9344069361686707, "epoch": 4, "trainer/global_step": 11834, "_timestamp": 1681808528.4218857, "_runtime": 13353.471465826035, "_step": 240, "rouge_1": 0.315739244222641, "rouge_2": 0.08493776619434357, "rouge_l": 0.2864256799221039, "_wandb": {"runtime": 13353}}