{"train_loss": 0.7845125794410706, "trainer/global_step": 8449, "_timestamp": 1681804333.0728126, "_runtime": 9158.122392654419, "_step": 171}