{"train_loss": 0.4360801875591278, "epoch": 4, "trainer/global_step": 11834, "_timestamp": 1683103742.4906652, "_runtime": 8865.41370511055, "_step": 240, "rouge1": 0.4000461640427622, "rouge2": 0.1189161130298209, "rougeL": 0.23951297907645475, "_wandb": {"runtime": 8865}}