{"train_loss": 1.0945281982421875, "epoch": 0, "trainer/global_step": 149, "_timestamp": 1682246891.8422992, "_runtime": 227.0504162311554, "_step": 2, "_wandb": {"runtime": 243}}