{"train_loss": NaN, "epoch": 0, "trainer/global_step": 299, "_timestamp": 1684138696.206494, "_runtime": 194.31672716140747, "_step": 5, "_wandb": {"runtime": 194}}