{"train_loss": 0.7718259692192078, "epoch": 0, "trainer/global_step": 2349, "_timestamp": 1682302886.4494567, "_runtime": 4240.315578699112, "_step": 46, "_wandb": {"runtime": 9579}}