{"train_loss": 0.719334065914154, "epoch": 0, "trainer/global_step": 149, "_timestamp": 1682916226.6694016, "_runtime": 88.21601462364197, "_step": 2, "_wandb": {"runtime": 112}}