{"train_loss": 1.2029184103012085, "epoch": 4, "trainer/global_step": 11834, "_timestamp": 1683288576.316266, "_runtime": 5172.908447027206, "_step": 240, "rouge1": 0.3705203088696428, "rouge2": 0.10067708172323452, "rougeL": 0.23002099168812395, "_wandb": {"runtime": 5177}}